key,openalex_id,doi,title,publication_year,host_venue,type,authors,cited_by_count,is_retracted,source,s2_paper_id
W1187022970,W1187022970,,Pillars Article: Virus Interference. I. The Interferon. Proc R Soc Lond B Biol Sci. 1957. 147: 258-267.,2015,,article,"Ariel Isaacs, J. Lindenmann",562,False,mixed,
W1483683260,W1483683260,https://doi.org/10.1002/9780470142844.ch7,The Franck—Condon Principle in Bound‐Free Transitions,1985,,other,Joel Tellinghuisen,106,False,mixed,
W1507528025,W1507528025,https://doi.org/10.1007/978-1-4613-0729-7_23,Open Strings and their Symmetry Groups,1988,,book-chapter,Augusto Sagnotti,267,False,mixed,81682ee60047802a847d1c9c6031515e0ad2494a
W1531004686,W1531004686,https://doi.org/10.1007/978-94-011-4730-9_10,Branes within Branes,1999,,book-chapter,Michael R. Douglas,553,False,mixed,979883280351562318f47faf670e785be4c5447c
W1540739244,W1540739244,https://doi.org/10.1016/0550-3213(94)90124-4,"Electric-magnetic duality, monopole condensation, and confinement in N=2 supersymmetric Yang-Mills theory",1994,,article,"Nathan Seiberg, Edward Witten",3487,False,mixed,89cfd1f62d01283c8c17525c9e31acbd7f4d4990
W1590194614,W1590194614,https://doi.org/10.1016/0370-2693(79)90838-4,Dyons of charge eθ/2π,1979,,article,Edward Witten,900,False,mixed,8e27ec57e6af6a2c9f562f56ff983b89bece6ec3
W1763748250,W1763748250,https://doi.org/10.1103/physrevlett.69.1849,Black hole in three-dimensional spacetime,1992,,article,"Máximo Bañados, Claudio Teitelboim, Jorge Zanelli",3528,False,mixed,
W1965024991,W1965024991,https://doi.org/10.1016/0920-5632(96)00004-7,Some relationships between dualities in string theory,1996,,article,Paul S. Aspinwall,220,False,mixed,e1a617c6d83a4d5cb0b79097f54a721bf16f23bc
W1965549565,W1965549565,https://doi.org/10.1103/physrevlett.39.249,Supergravity Has Positive Energy,1977,,article,"S. Deser, Claudio Teitelboim",136,False,mixed,
W1967197430,W1967197430,https://doi.org/10.1016/0370-1573(86)90163-8,Kaluza-Klein supergravity,1986,,article,"M. J. Duff, B.E.W. Nilsson, C.N. Pope",967,False,mixed,00b685164fc48754120f9344c00b6eca1c60685a
W1971963362,W1971963362,https://doi.org/10.1016/0370-2693(90)90523-9,Strong-weak coupling duality and non-perturbative effects in string theory,1990,,article,"Anamarı́a Font, Luis E. Ibáñez, Dieter Lüst, F. Quevedo",340,False,mixed,fbf123975463d65f1e086fdf4358c7c6d5894116
W1976350686,W1976350686,https://doi.org/10.1016/0550-3213(91)90180-6,Elementary five-brane solutions of D = 10 supergravity,1991,,article,"M. J. Duff, J.X. Lu",170,False,mixed,2b931621232bbe904991eab0143b460ebc5393cb
W1976994297,W1976994297,https://doi.org/10.1016/0370-2693(93)90495-4,Duality symmetries of 4D heterotic strings,1993,,article,"John H. Schwarz, Ashoke Sen",202,False,mixed,13784b3a83492d3d25e565bab0c73a4e2895ea15
W1977008578,W1977008578,https://doi.org/10.1016/0550-3213(78)90218-3,Supersymmetries and their representations,1978,,article,Werner Nahm,833,False,mixed,1c9218d47196494dbe0131b43ac60d4f0b81d847
W1979502187,W1979502187,https://doi.org/10.1016/0550-3213(89)90016-3,Self-dual models with theta terms,1989,,article,"Alfred D. Shapere, Frank Wilczek",294,False,mixed,f3cb8ecb0831ffa39ad913294f711c9c95fbc57b
W1982626967,W1982626967,https://doi.org/10.1016/0550-3213(88)90468-3,Anomaly cancelling terms from the elliptic genus,1988,,article,"W. Lerche, B.E.W. Nilsson, A.N. Schellekens, Nicholas P. Warner",160,False,mixed,b5c2ba4108c6a66ee0289dc52811854c26ca5e90
W1982687638,W1982687638,https://doi.org/10.1016/0040-9383(86)90007-8,"Superconnections, thom classes, and equivariant differential forms",1986,,article,"Varghese Mathai, Daniel Quillen",342,False,mixed,9fb99c39557352622a0820e7c131bd024cb38508
W1982790193,W1982790193,https://doi.org/10.1016/0550-3213(94)90558-4,Supersymmetric self-gravitating solitons,1994,,article,"G. W. Gibbons, David Kastor, Laura London, Paul Townsend, Jennie Traschen",140,False,mixed,04c4ea5041ce19d417e5e392a52fb6323cf2a01e
W1989818853,W1989818853,https://doi.org/10.1016/0003-4916(76)90280-3,More about the massive Schwinger model,1976,,article,Sidney Coleman,871,False,mixed,919fc5d980aab93c6fc1c80cabf06efe18fd103f
W1992677247,W1992677247,https://doi.org/10.1016/0550-3213(96)00075-2,Instantons on D-branes,1996,,article,Cumrun Vafa,196,False,mixed,06b42aa1ce60d235255712e1d34236bd028e771e
W1993047941,W1993047941,https://doi.org/10.1016/0550-3213(89)90418-5,Large and small radius in string theory,1989,,article,"Michael Dine, Patrick Huet, Nathan Seiberg",278,False,mixed,1b79b5295a2bcadee2a77716447564777d18ceb7
W1993820146,W1993820146,https://doi.org/10.1016/0550-3213(77)90221-8,Gauge theories and magnetic charge,1977,,article,"Peter Goddard, J. Nuyts, D. Olive",719,False,mixed,fe578652aa5a9185d79de9f42f1f663e3b9494c0
W1994752332,W1994752332,https://doi.org/10.1016/0550-3213(88)90155-1,Supermembranes and the signature of spacetime,1988,,article,"M. P. Blencowe, M. J. Duff",120,False,mixed,2c2d69e83882c377c9c516dd8f9f225b08263181
W1994822250,W1994822250,https://doi.org/10.1016/0370-2693(85)90008-5,Supersymmetric sigma models and the heterotic string,1985,,article,"C.M. Hull, Edward Witten",415,False,mixed,796b1fb17026ee3f6403dbf1be0b562f14c5967b
W1996475841,W1996475841,https://doi.org/10.1016/0550-3213(88)90352-5,Complete intersection Calabi-Yau manifolds,1988,,article,"Philip Candelas, Anders M. Dale, C.A. Lütken, Rolf Schimmrigk",359,False,mixed,198c8d9cbecc13a4ee54b3babe72c4f5f824a616
W1996624554,W1996624554,https://doi.org/10.1016/0550-3213(87)90380-4,Ultra-violet behaviour of two-dimensional supersymmetric non-linear σ-models,1987,,article,"Paul Howe, G. Papadopoulos",124,False,mixed,fce71f1e23fddb93a675f92588a37ddbbc0f0ca0
W1997877798,W1997877798,https://doi.org/10.1016/0550-3213(86)90238-5,Vertex operators in background fields,1986,,article,"Curtis G. Callan, Zhongwei Gan",133,False,mixed,26a238ebc453fbcfbafbeb653a59e15351a105f2
W1999039975,W1999039975,https://doi.org/10.1016/0550-3213(83)90462-5,Magnetic monopoles in Kaluza-Klein theories,1983,,article,"David J. Gross, Malcolm J. Perry",683,False,mixed,249788da7f89956fe31de6b14a6804aa5d710d40
W2000682495,W2000682495,https://doi.org/10.1016/0370-2693(88)91769-8,Topological actions from twisted supersymmetric theories,1988,,article,Jonathan P. Yamron,109,False,mixed,1c4ecfadd76a8d7708ba9a362ee9ec7d2be4cb60
W2000839758,W2000839758,https://doi.org/10.1016/0370-2693(94)90763-3,"Dyon-monopole bound states, self-dual harmonic forms on the multi-monopole moduli space, and SL (2,Z) invariance in string theory",1994,,article,Ashoke Sen,372,False,mixed,de7bc5547e567bad5f79468cde2b149d71c4b049
W2001511269,W2001511269,https://doi.org/10.1016/0550-3213(96)00323-9,D-branes and fat black holes,1996,,article,"Juan Maldacena, Leonard Susskind",264,False,mixed,de894edad24b3aa2ac8494297e80300021a54506
W2002780510,W2002780510,https://doi.org/10.1016/0550-3213(88)90183-6,Observations on the moduli space of superconformal field theories,1988,,article,Nathan Seiberg,310,False,mixed,9eba51f25fff456678e0cc0b2c3905667ebcc35f
W2004629136,W2004629136,https://doi.org/10.1016/0370-2693(79)91118-3,Topological charges for N = 4 supersymmetric gauge theories and monopoles of spin 1,1979,,article,H. Osborn,380,False,mixed,5493f497ffac50cb2cbe41d822dfa9c8eb3e3189
W2006312843,W2006312843,https://doi.org/10.1016/0550-3213(89)90474-4,Chiral rings in N = 2 superconformal theories,1989,,article,"W. Lerche, Cumrun Vafa, Nicholas P. Warner",827,False,mixed,
W2006554783,W2006554783,https://doi.org/10.1016/0370-2693(77)90076-4,Magnetic monopoles as gauge particles?,1977,,article,"Claus Montonen, D. Olive",1023,False,mixed,7162133b204e59297e164822cd066497ad0d7251
W2006601120,W2006601120,https://doi.org/10.1016/0550-3213(82)90455-2,Pair production at strong coupling in weak external fields,1982,,article,"Ian Affleck, Orlando Alvarez, N. S. Manton",251,False,mixed,7736445050a22921613fb02ad939278df65e8f0c
W2008797769,W2008797769,https://doi.org/10.1016/0370-2693(94)91260-2,Macroscopic superstrings as interpolating solitons,1994,,article,"M. J. Duff, G. W. Gibbons, Paul Townsend",141,False,mixed,5e9a484aef2197a998904b855109a14d118dbdd9
W2013411098,W2013411098,https://doi.org/10.1016/0550-3213(92)90235-4,The N matrix model and gauged WZW models,1992,,article,Edward Witten,227,False,mixed,780bb7bee5b58d8769ffcc38d6cf5dd0d0450c92
W2016526154,W2016526154,https://doi.org/10.1016/0550-3213(85)90154-3,Lagrangians of N = 2 supergravity-matter systems,1985,,article,"Bernard de Wit, P.G. Lauwers, Antoine Van Proeyen",593,False,mixed,0c506dd12fe5bfb14ab7ae5969482ab19f017099
W2019042339,W2019042339,https://doi.org/10.1016/0550-3213(83)90605-3,Matter couplings in N = 2 supergravity,1983,,article,"Jonathan Bagger, Edward Witten",472,False,mixed,cffbe44b73cb3e384111d4547fcfb171a6b3d250
W2023249057,W2023249057,https://doi.org/10.1039/c5cs00106d,Photocurrent generation with two-dimensional van der Waals semiconductors,2015,,review,"Michele Buscema, Joshua O. Island, Dirk J. Groenendijk, Sofya I. Blanter, Gary A. Steele, Herre S. J. van der Zant, Andrés Castellanos-Gómez",944,False,mixed,
W2023953089,W2023953089,https://doi.org/10.1016/0550-3213(86)90552-3,Operator content of two-dimensional conformally invariant theories,1986,,article,John Cardy,1816,False,mixed,6d2509bad6adc37aaf785071aad2de2fd501188b
W2030736355,W2030736355,https://doi.org/10.1016/0550-3213(91)90074-8,Worldsheet approach to heterotic instantons and solitons,1991,,article,"Curtis G. Callan, Jeffrey A. Harvey, Andrew Strominger",488,False,mixed,f213a8525aed313e8af371e5a068aa7d25390884
W2031569358,W2031569358,https://doi.org/10.1016/0003-4916(74)90404-7,Role of surface integrals in the Hamiltonian formulation of general relativity,1974,,article,"T. Regge, Claudio Teitelboim",1322,False,mixed,62ad4f057bbb866b9d4abc3bb186d83734fb2813
W2032068406,W2032068406,https://doi.org/10.1016/0550-3213(86)90016-7,Self-duality for interacting fields: Covariant field equations for six-dimensional chiral supergravities,1986,,article,L.J. Romans,161,False,mixed,2c5aca4f8e318ec55a0d797bbb3f692d7c670187
W2032317001,W2032317001,https://doi.org/10.1098/rspa.1978.0143,Self-duality in four-dimensional Riemannian geometry,1978,,article,"Michael Atiyah, Nigel Hitchin, I. M. Singer",1494,False,mixed,
W2032745991,W2032745991,https://doi.org/10.1016/0370-2693(82)90751-1,A bogomolny bound for general relativity and solitons in N=2 supergravity,1982,,article,"G. W. Gibbons, C.M. Hull",407,False,mixed,be7d4cd923c4ea2ca630cc2e4b747abeb44b9228
W2033586917,W2033586917,https://doi.org/10.1016/0550-3213(90)90157-9,Superstrings and solitons,1990,,article,"Atish Dabholkar, G. W. Gibbons, Jeffrey A. Harvey, F. Ruiz Ruiz",464,False,mixed,9adb4a2c785d68f7c0d69f954807766dcf66c8c4
W2033649663,W2033649663,https://doi.org/10.1088/0264-9381/12/2/004,Higher-dimensional resolution of dilatonic black-hole singularities,1995,,article,"G. W. Gibbons, Gary T. Horowitz, Paul Townsend",314,False,mixed,669753f038659d3a37aceded0b1dd3ae54763df4
W2034183153,W2034183153,https://doi.org/10.1016/0550-3213(91)90440-9,Black strings and p-branes,1991,,article,"Gary T. Horowitz, Andrew Strominger",1112,False,mixed,c31b0e15651a41c728889333bbc06e7875780804
W2035152063,W2035152063,https://doi.org/10.1016/0550-3213(85)90394-3,Heterotic string theory (I). The free heterotic string,1985,,article,"David J. Gross, Jeffrey A. Harvey, Emil J. Martinec, Ryan Rohm",1285,False,mixed,4a6ba074ecc54906f1ef0b8b95e6dc47eee672a9
W2040210365,W2040210365,https://doi.org/10.1115/1.3423786,Linear and Nonlinear Waves,1976,,article,"G. B. Whitham, T. C. T. Ting",518,False,mixed,24521486925249d38bdbcd51afc9f66a738c017a
W2040957967,W2040957967,https://doi.org/10.1016/0550-3213(83)90582-5,Supersymmetry in six dimensions,1983,,article,"Paul Howe, Germán Sierra, Paul Townsend",222,False,mixed,9fdf8f2a58d7b11bfffdba672acd9a2e84fadbb0
W2041041576,W2041041576,https://doi.org/10.1016/0550-3213(95)00630-3,Boundary states of D-branes and dy-strings,1996,,article,Miao Li,255,False,mixed,ec3d950b1c70e4601efd31968fc96a978afc4d6b
W2048066225,W2048066225,https://doi.org/10.1016/0370-2693(84)90736-6,Two-dimensional supersymmetric nonlinear σ-models with torsion,1984,,article,"Paul Howe, Germán Sierra",109,False,mixed,d2ebfc13f533987a7ad9ffd1fcab069455fc24a5
W2048714272,W2048714272,https://doi.org/10.1016/0920-5632(88)90366-0,Topological Yang-Mills symmetry,1988,,article,"Laurent Baulieu, I. M. Singer",202,False,mixed,4cf9f58f0cb4db8993e5963179ef364425a7037e
W2049808710,W2049808710,https://doi.org/10.1016/0550-3213(91)90270-8,Geometry of n = 2 strings,1991,,article,"Hirosi Ooguri, Cumrun Vafa",329,False,mixed,bf17ca6c6e2f75e03a6346e7cc52d7621d92cfbf
W2052626565,W2052626565,https://doi.org/10.1016/0550-3213(95)00287-3,Massless black holes and conifolds in string theory,1995,,article,Andrew Strominger,722,False,mixed,87c9b5a9196f89d681c8b8d05b57f79f09059937
W2052848944,W2052848944,https://doi.org/10.1016/0550-3213(74)90224-7,Spontaneous dynamical breaking of gauge symmetry in dual models,1974,,article,"E. Cremmer, J. Scherk",305,False,mixed,6174f6e02c7e3270563170e0cf61400035f48ccd
W2053040732,W2053040732,https://doi.org/10.1016/0375-9474(80)90548-5,"Collective quadrupole states of Xe, Ba and Ce in the interacting boson model",1980,,article,"G. Puddu, O. Schölten, Takaharu Otsuka",255,False,mixed,478952cc9cef8179a2eb1256944d01347a8d05f6
W2053321565,W2053321565,https://doi.org/10.1016/0550-3213(82)90034-7,Adler-Bell-Jackiw anomaly and fermion-number breaking in the presence of a magnetic monopole,1982,,article,V. A. Rubakov,424,False,mixed,b5f51493c61539558649ceb2d328f6058e6fa2f6
W2053892631,W2053892631,https://doi.org/10.1016/0370-2693(86)90760-4,Anomalies and modular invariance in string theory,1986,,article,"A.N. Schellekens, Nicholas P. Warner",167,False,mixed,bd366f9395da9200f4aebda21e42825d2f5d34d2
W2054457171,W2054457171,https://doi.org/10.1016/0003-4916(86)90186-7,Black holes in higher dimensional space-times,1986,,article,"Robert C. Myers, Malcolm J. Perry",1981,False,mixed,8130d14d02e003e1ad369bb451117eb740bb2763
W2054704030,W2054704030,https://doi.org/10.1103/physrevlett.78.1396,"Generalized Gradient Approximation Made Simple [Phys. Rev. Lett. 77, 3865 (1996)]",1997,,article,"John P. Perdew, Kieron Burke, Matthias Ernzerhof",13495,False,mixed,
W2055288861,W2055288861,https://doi.org/10.1016/0550-3213(83)90402-9,Three-dimensional supergravity theories,1983,,article,"Neil Marcus, John H. Schwarz",245,False,mixed,124ff6f5db2b65218f67edd32d5b5669eee5686e
W2059707231,W2059707231,https://doi.org/10.1016/0550-3213(96)00026-0,D-branes and topological field theories,1996,,article,"M. Bershadsky, Cumrun Vafa, Vladimir Sadov",515,False,mixed,062dec0c160caf2114ba762b09668c7521bd7830
W2060667737,W2060667737,https://doi.org/10.1016/0550-3213(79)90331-6,The SO(8) supergravity,1979,,article,"E. Cremmer, B. Juliá",1300,False,mixed,a213560108e3a5d01df5e75a66c02860c979608a
W2062810928,W2062810928,https://doi.org/10.1016/0370-2693(96)00238-9,D-brane dynamics,1996,,article,Constantin P. Bachas,376,False,mixed,f54a5cd5dc7b422ff17873adbfeb0c8351bc0422
W2062862360,W2062862360,https://doi.org/10.1016/0550-3213(87)90001-0,A note on toroidal compactification of heterotic string theory,1987,,article,"K.S. Narain, M.H. Sarmadi, Edward Witten",674,False,mixed,97e97fccf640d7fa4cd0b5836c9b22e92d06ab54
W2063431170,W2063431170,https://doi.org/10.1016/0550-3213(84)90592-3,Twisted multiplets and new supersymmetric non-linear σ-models,1984,,article,"S. James Gates, C.M. Hull, M. Roček",768,False,mixed,bd9670c6844f5ebe065d6d136523eed04ae8eada
W2065805883,W2065805883,https://doi.org/10.1038/248030a0,Black hole explosions?,1974,,article,S. W. Hawking,5146,False,mixed,2ee37960b8b4f18fdc8f9c7b8c3a7d5a6258f716
W2066647172,W2066647172,https://doi.org/10.1016/0370-2693(86)90547-2,Monopoles of higher rank,1986,,article,Claudio Teitelboim,155,False,mixed,208f96f17627a4afe6601abe8367b4437e1ded4d
W2066999235,W2066999235,https://doi.org/10.1016/0550-3213(96)00057-0,D-brane boundary state dynamics,1996,,article,"Curtis G. Callan, Igor R. Klebanov",136,False,mixed,273a1deb287b822aa990dcc5b1523173ab3fa972
W2067913463,W2067913463,https://doi.org/10.1016/0550-3213(96)00025-9,Gas of D-branes and Hagedorn density of BPS states,1996,,article,Cumrun Vafa,140,False,mixed,411030999990b35e45f540eb04c2ba2cab75a804
W2070101111,W2070101111,https://doi.org/10.1016/0550-3213(82)90464-3,Duality and the θ parameter in Abelian lattice models,1982,,article,John Cardy,172,False,mixed,ce6a28069a7ad01adee29d5ddc5e5e9b7191f86f
W2070213159,W2070213159,https://doi.org/10.1016/0370-2693(95)01390-3,General class of BPS saturated dyonic black holes as exact superstring solutions,1996,,article,"Mirjam Cvetič, A.A. Tseytlin",130,False,mixed,2af5306e46cfc595c3ba9c040cccafce34c3849a
W2072363696,W2072363696,https://doi.org/10.1016/0370-2693(91)90290-7,The self-dual type IIB superthreebrane,1991,,article,"M. J. Duff, J.X. Lu",163,False,mixed,baa5bb99f5a98d69cb2bc066939559290397014a
W2075044451,W2075044451,https://doi.org/10.1016/0370-2693(78)90060-6,Su(4) invariant supergravity theory,1978,,article,"E. Cremmer, J. Scherk, S. Ferrara",344,False,mixed,1b7cadfd1ece29b932a2323390817883246ee1b9
W2075531644,W2075531644,https://doi.org/10.1016/0550-3213(88)90565-2,Loop corrections to superstring equations of motion,1988,,article,"Curtis G. Callan, C. Lovelace, Chiara R. Nappi, S.A. Yost",360,False,mixed,5b9b9f7a4294e6f27d085535009a59e5f341c45a
W2078548703,W2078548703,https://doi.org/10.1016/0550-3213(96)00008-9,Two-dimensional black hole and singularities of CY manifolds,1996,,article,"Hirosi Ooguri, Cumrun Vafa",376,False,mixed,aa122fadcd38196720ae503247974dfd13c80d48
W2081151604,W2081151604,https://doi.org/10.1016/0550-3213(89)90279-4,Strings on world-sheet orbifolds,1989,,article,Petr Hořava,348,False,mixed,34daf51accac3aa452f1aa47f74a8207d09496eb
W2081657829,W2081657829,https://doi.org/10.1016/0550-3213(95)00280-6,A one-loop test of string duality,1995,,article,"Cumrun Vafa, Edward Witten",265,False,mixed,01848c2b5c6b73191766ce1b616e54c599588796
W2082588464,W2082588464,https://doi.org/10.1016/0550-3213(75)90279-5,All possible generators of supersymmetries of the S-matrix,1975,,article,"Rudolf Haag, Jan T. Łopuszański, Martin F. Sohnius",1111,False,mixed,6382fd634342dc7d419845ac5df7636bfa7f145a
W2082630698,W2082630698,https://doi.org/10.1088/0264-9381/5/1/023,Supermembranes: the first fifteen weeks,1988,,article,M. J. Duff,188,False,mixed,8f83304a8737270943c57e8c28796808f4d51454
W2083420835,W2083420835,https://doi.org/10.1016/0003-4916(88)90050-4,Properties of the eleven-dimensional supermembrane theory,1988,,article,"Eric Bergshoeff, Ergin Sezgin, Paul Townsend",382,False,mixed,58870438f4d9e6122db4627b7ac171d520bfa219
W2083989558,W2083989558,https://doi.org/10.1016/0550-3213(84)90088-9,Monopole catalysis of Skyrmion decay,1984,,article,"Curtis G. Callan, Edward Witten",121,False,mixed,6febc6c3ed13105816352686cd004bb3e5df467b
W2086867460,W2086867460,https://doi.org/10.1016/0550-3213(88)90006-5,Black holes and membranes in higher-dimensional theories with dilaton fields,1988,,article,"G. W. Gibbons, Kei-ichi Maeda",1296,False,mixed,6de9dca06f8ae8593d7cb091a273804764687550
W2086876977,W2086876977,https://doi.org/10.1016/0370-2693(87)91323-2,Superstrings in D=10 from supermembranes in D=11,1987,,article,"M. J. Duff, Paul Howe, T. Inami, K.S. Stelle",392,False,mixed,1e1197afb33b95ba1465502d0a1df7d4f9468ecf
W2087345296,W2087345296,https://doi.org/10.1088/0264-9381/5/12/014,Further remarks on the geometry of two-dimensional non-linear σ-models,1988,,article,"Paul Howe, G. Papadopoulos",106,False,mixed,ac19b5b85c587fc71851e203d1e4fc3c494315ca
W2089794223,W2089794223,https://doi.org/10.1016/0375-9474(74)90562-4,"Application of the adiabatic, time-dependent Hartree-Bogolyubov approximation to a solvable model",1974,,article,"S. J. Krieger, K. Goeke",434,False,mixed,8a43f4177fbcf3746533e7cf04a96966f8669ca2
W2091089989,W2091089989,https://doi.org/10.1016/0550-3213(95)00368-3,Eleven-dimensional origin of string/string duality: a one-loop test,1995,,article,"M. J. Duff, James T. Liu, Ruben Minasian",425,False,mixed,d9163e9b6c1c7d81cc93bb81c2c7274475b4e088
W2092174702,W2092174702,https://doi.org/10.1016/0550-3213(78)90153-0,On the phase transition towards permanent quark confinement,1978,,article,Gerard ’t Hooft,1452,False,mixed,28e95cd30c0951bdb03770accf323bd953495272
W2092840038,W2092840038,https://doi.org/10.1016/0003-4916(86)90099-0,The antisymmetric tensor field in superstring theory,1986,,article,"Ryan Rohm, E Witten",244,False,mixed,7c5e772ed094c76e202b78c27613b17f166bc16a
W2093984408,W2093984408,https://doi.org/10.1016/0370-2693(86)90682-9,New heterotic string theories in uncompactified dimensions &lt; 10,1986,,article,K.S. Narain,900,False,mixed,ddc72145e68ab82af1990e2d3da937c19add26f6
W2094017794,W2094017794,https://doi.org/10.1016/0550-3213(91)90292-6,A pair of Calabi-Yau manifolds as an exactly soluble superconformal theory,1991,,article,"Philip Candelas, Xenia C. de la Ossa, Paul S. Green, Linda Parkes",1430,False,mixed,009f50b35219297f2f8a3a20e970beb2901d50c1
W2094974483,W2094974483,https://doi.org/10.1016/0370-2693(79)90654-3,Spontaneously broken N = 8 supergravity,1979,,article,"E. Cremmer, J. Scherk, John H. Schwarz",238,False,mixed,9ea2499c73a1859ff3c9582c5cc138ea267fc4de
W2095085006,W2095085006,https://doi.org/10.1016/0550-3213(87)90108-8,"Anomalies, characters and strings",1987,,article,"A.N. Schellekens, Nicholas P. Warner",209,False,mixed,df60198bd63f6889fbea3a5147fa972a40362edd
W2095263597,W2095263597,https://doi.org/10.1016/0550-3213(82)90170-5,Antigravitating black hole solitons with scalar hair in N=4 supergravity,1982,,article,G. W. Gibbons,437,False,mixed,53dd65d6b8f25e0095f4bc2fc284931918a94baa
W2109672112,W2109672112,https://doi.org/10.1016/0550-3213(85)90593-0,Strings on orbifolds,1985,,article,"Lance J. Dixon, Jeffrey A. Harvey, Cumrun Vafa, Edward Witten",1748,False,mixed,ea957c8ef266da6af7407ed145afa272796c82ac
W2121799951,W2121799951,https://doi.org/10.1016/0550-3213(93)90475-5,Electric-magnetic duality in string theory,1993,,article,Ashoke Sen,142,False,mixed,1244cabcf092fe2ace90fc5e138476be1d211f6a
W2131101882,W2131101882,https://doi.org/10.1016/0550-3213(94)00411-7,Self-interaction correction to black hole radiance,1995,,article,"Per Kraus, Frank Wilczek",561,False,mixed,4025912936a28ff555908ac10ed0c4c7511565aa
W2139090906,W2139090906,https://doi.org/10.1016/0003-4916(85)90087-9,The structure of gauge and gravitational anomalies,1985,,article,"Luis Álvarez-Gaumé, Paul Ginsparg",461,False,mixed,79478f935063a2fcca888ca0449da8ca4d650bb9
W2143935378,W2143935378,https://doi.org/10.1016/0370-2693(89)90897-6,Taming the conformal zoo,1989,,article,"Gregory Moore, Nathan Seiberg",542,False,mixed,f37f3147350307659acd806b3edb07d579793522
W2144480080,W2144480080,https://doi.org/10.1016/0550-3213(88)90603-7,Fusion rules and modular transformations in 2D conformal field theory,1988,,article,Erik Verlinde,1440,False,mixed,5fb1be1514697769d73afe3bd4f02f04f4d4a39b
W2152579451,W2152579451,https://doi.org/10.1016/0370-2693(89)90209-8,Background duality of open-string models,1989,,article,Petr Hořava,305,False,mixed,2a6591b3c8d51ee4efd59f6af230352b9367fc85
W2155371766,W2155371766,https://doi.org/10.1016/0920-5632(96)00015-1,Four-dimensional avatars of two-dimensional RCFT,1996,,article,"A. Losev, Gregory Moore, Nikita Nekrasov, Samson L. Shatashvili",127,False,mixed,7370adcce43b3d5e3c9e8828d778916ab43dd346
W2161680119,W2161680119,https://doi.org/10.1016/0550-3213(94)90053-1,Duality symmetric actions,1994,,article,"John H. Schwarz, Ashoke Sen",366,False,mixed,39fa8c87abc119a142b06a508f4b42eb76f82aae
W2166579507,W2166579507,https://doi.org/10.1016/0370-2693(91)91371-2,Multi-membrane solutions of D = 11 supergravity,1991,,article,"M. J. Duff, K.S. Stelle",383,False,mixed,09184ac2171e27aca790d5f23959d127dad8c654
W2167040530,W2167040530,https://doi.org/10.1016/0370-2693(96)00104-9,D-branes from M-branes,1996,,article,Paul Townsend,358,False,mixed,a9e8062fef3ff63a60c99b4e936a4d4d88ea64d3
W2197001106,W2197001106,https://doi.org/10.1016/0550-3213(82)90463-1,Phase structure of Zp models in the presence of a θ parameter,1982,,article,"John Cardy, Eliezer Rabinovici",193,False,mixed,ba6db06e81330cc2556b16cabf0cf81bf41de7c2
W2235434972,W2235434972,,GLOBAL ANOMALIES IN STRING THEORY,1985,,article,Edward Witten,106,False,mixed,c2e4b26031e0501b2095296da0616bad104c2031
W2341283081,W2341283081,https://doi.org/10.1063/1.4822961,Savitzky-Golay Smoothing Filters,1990,,article,"William H. Press, Saul A. Teukolsky",12038,False,mixed,493cd5e15d6b8726ce27ed0595f1993c27525670
W2479288992,W2479288992,https://doi.org/10.1142/0277,Supergravities in Diverse Dimensions,1989,,book,"Andi Muhammad Ikbal Salam, Erkut Sezgіn",172,False,mixed,f4def098198f65a9b9820dea105b1516e8e9d3e2
W2597170910,W2597170910,https://doi.org/10.1016/0550-3213(88)90582-2,Extended supersymmetric σ-Models on group manifolds (I). The complex structures,1988,,article,"Ph. Spindel, Alexander Sevrin, Walter Troost, Antoine Van Proeyen",179,False,mixed,99f75a7552b2f1ac274eac126d27e99e0280ef1a
W2600532727,W2600532727,https://doi.org/10.1016/0550-3213(95)00609-5,Supersymmetric Yang-Mills theory and integrable systems,1996,,article,"Ron Donagi, Edward Witten",691,False,mixed,53dfc8e8551d985b79be30731f1f9b6837776520
W2949293231,W2949293231,https://doi.org/10.1016/0550-3213(95)00487-1,"Fivebranes, membranes and non-perturbative string theory",1995,,article,"Katrin Becker, Melanie Becker, Andrew Strorninger",728,False,mixed,938d45749834b7b3970fb1688d82339ef5f4343b
W2949463227,W2949463227,https://doi.org/10.1016/0550-3213(92)90018-7,Algebraic structures and differential geometry in two-dimensional string theory,1992,,article,"Edward Witten, Barton Zwiebach",165,False,mixed,8b27af8f29258ca66352ed03f703c20abcdb6e03
W2972424502,W2972424502,https://doi.org/10.2307/1269868,The Asymptotic Theory of Extreme Order Statistics,1990,,article,"John E. Angus, János Galambos",1918,False,mixed,
W2995483912,W2995483912,https://doi.org/10.1063/1.2811504,<i>Black Holes: The Membrane Paradigm</i>,1988,,article,"Kip S. Thorne, Richard H. Price, Douglas A. Macdonald, Steven Detweiler",710,False,mixed,df2570533f513305e62e0afe04160cc9cc8ff3d6
W3004237104,W3004237104,https://doi.org/10.1119/1.13992,<i>The Mathematical Theory of Black Holes</i>,1985,,article,"S. Chandrasekhar, Kip S. Thorne",267,False,mixed,ee6758e3e6b011f2441ac1c25b3526689a5a2a5f
W3008275645,W3008275645,https://doi.org/10.1007/jhep02(2020)136,Deriving the AdS3/CFT2 correspondence,2020,,article,"Lorenz Eberhardt, Matthias R. Gaberdiel, Rajesh Gopakumar",219,False,mixed,4f3c6b7014e4611d65ffccb75d99a6149feb6d53
W3021115319,W3021115319,https://doi.org/10.1016/0920-5632(95)00626-5,Lectures on supersymmetric gauge theories and electric-magnetic duality,1996,,article,"Kenneth Intriligator, Nathan Seiberg",509,False,mixed,45387c7677503057eba8b8b19b93c49f01d1c98d
W3037827066,W3037827066,https://doi.org/10.1016/0370-1573(95)00002-x,String solitons,1995,,article,M. J. Duff,735,False,mixed,
W3041643375,W3041643375,,Gravitation: an Introduction to current research,1962,,article,Louis Witten,2067,False,mixed,89565fcfa9272c867865c389301217a701985568
W3089601595,W3089601595,https://doi.org/10.1103/physrevd.102.124008,"Radiative contribution to classical gravitational scattering at the third order in <mml:math xmlns:mml=""http://www.w3.org/1998/Math/MathML"" display=""inline""><mml:mi>G</mml:mi></mml:math>",2020,,article,Thibault Damour,155,False,mixed,
W3098156933,W3098156933,https://doi.org/10.1063/1.530745,Supersymmetric Yang–Mills theory on a four-manifold,1994,,article,Edward Witten,187,False,mixed,d929ab88cd4b7ddaeb4e546604b467acda39dd75
W3098739784,W3098739784,https://doi.org/10.1016/0550-3213(93)90548-4,Holomorphic anomalies in topological field theories,1993,,article,"M. Bershadsky, Sergio Cecotti, Hirosi Ooguri, Cumrun Vafa",457,False,mixed,744a951d1c3c02c4e022d2bf2644c75014498742
W3099208122,W3099208122,https://doi.org/10.1016/0370-2693(95)00397-4,The eleven-dimensional supermembrane revisited,1995,,article,Paul Townsend,514,False,mixed,a6381726a607af99167591036c2ca55dcb771c77
W3099783767,W3099783767,https://doi.org/10.1016/0550-3213(94)90617-3,Topological amplitudes in string theory,1994,,article,"Ignatios Antoniadis, E. Gava, K.S. Narain, Tomasz R. Taylor",291,False,mixed,3370e00098ca41f5cc3b1cb072379ae2ceef53bc
W3100280220,W3100280220,https://doi.org/10.1016/0370-2693(95)01429-2,The power of M theory,1996,,article,John H. Schwarz,253,False,mixed,b2a1e1ee71ec6ce87eb24d4d0cdb735706741e29
W3100322995,W3100322995,https://doi.org/10.1016/0550-3213(94)90214-3,"Monopoles, duality and chiral symmetry breaking in N = 2 supersymmetric QCD",1994,,article,"Nathan Seiberg, Edward Witten",1803,False,mixed,31187db039b5bf92d748da377283f2a1eefbcb40
W3100399351,W3100399351,https://doi.org/10.1016/0550-3213(94)90097-3,A strong coupling test of S-duality,1994,,article,"Cumrun Vafa, Edward Witten",1013,False,mixed,07762d6e7c225067693de5ef2e09215d805bff35
W3101243841,W3101243841,https://doi.org/10.1016/0550-3213(94)90321-2,"Calabi-Yau moduli space, mirror manifolds and spacetime topology change in string theory",1994,,article,"Paul S. Aspinwall, Brian Greene, David R. Morrison",300,False,mixed,2e865ff5b102018bd3aef56a0dc46e2fd15ebd27
W3101249801,W3101249801,https://doi.org/10.1016/0370-1573(94)90070-1,Target space duality in string theory,1994,,article,"Amit Giveon, Massimo Porrati, Eliezer Rabinovici",736,False,mixed,f7a6563a93f495a50f2b64be6d873fc2bd548896
W3101486579,W3101486579,https://doi.org/10.1016/0370-2693(96)00738-1,Nonextremal black hole microstates and U-duality,1996,,article,"Gary T. Horowitz, Juan Maldacena, Andrew Strominger",211,False,mixed,9215133cdacbff6c6a49fc39fcb6e0f2fef6a0b9
W3102197304,W3102197304,https://doi.org/10.1016/0370-2693(96)01127-6,Absorption versus decay of black holes in string theory and T-symmetry,1996,,article,"Avinash Dhar, Gautam Mandal, Spenta R. Wadia",144,False,mixed,035f31859248938188a1062225e3b6070213604f
W3102865305,W3102865305,https://doi.org/10.1016/0550-3213(96)00172-1,Evidence for F-theory,1996,,article,Cumrun Vafa,1247,False,mixed,419c12d190c6aa092478369bd3df2d352cb3905a
W3102902002,W3102902002,https://doi.org/10.1016/0550-3213(96)00024-7,D-strings on D-manifolds,1996,,article,"M. Bershadsky, Cumrun Vafa, Vladimir Sadov",217,False,mixed,57383e49629c38bf8a2e521a2cd714be08db3d30
W3103130695,W3103130695,https://doi.org/10.1016/0550-3213(95)00610-9,Bound states of strings and p-branes,1996,,article,Edward Witten,1268,False,mixed,e534eb270c44be345828bbaf7d11951550688b87
W3103311487,W3103311487,https://doi.org/10.1016/0370-2693(96)00345-0,Microscopic origin of the Bekenstein-Hawking entropy,1996,,article,"Andrew Strominger, Cumrun Vafa",2527,False,mixed,e68964ccaf63813c445d579f1fc60c0d1bfcaea4
W3103878630,W3103878630,https://doi.org/10.1016/0550-3213(92)90254-9,Black holes as elementary particles,1992,,article,"Christoph F. E. Holzhey, Frank Wilczek",316,False,mixed,d7e5e9a0f92fe4558e2a56b15c061ae363e4083c
W3104173922,W3104173922,https://doi.org/10.1016/0550-3213(95)00625-7,Small instantons in string theory,1996,,article,Edward Witten,637,False,mixed,fefb875a0a34536869d7520f58b413fed7b7df3a
W3104246335,W3104246335,https://doi.org/10.1016/0550-3213(93)90094-6,Two-dimensional black hole as a topological coset model of c = 1 string theory,1993,,article,"Sunil Mukhi, Cumrun Vafa",110,False,mixed,cda28599ac5e031ed7dc38c014b0d54f060ddad4
W3104934372,W3104934372,https://doi.org/10.1016/0550-3213(94)90206-2,The instability of charged black strings and p-branes,1994,,article,"Ruth Gregory, Raymond Laflamme",277,False,mixed,f3bde11c908f8d8dd0c39e84d2559b19f038d651
W3105052220,W3105052220,https://doi.org/10.1016/0370-2693(95)01138-g,"An SL(2, Z) multiplet of type IIB superstrings",1995,,article,John H. Schwarz,451,False,mixed,
W3105069688,W3105069688,https://doi.org/10.1016/0550-3213(96)00295-7,Entropy of near-extremal black p-branes,1996,,article,"Igor R. Klebanov, A.A. Tseytlin",355,False,mixed,1c41d0327b8f628c7921f6aae1fc83aef97404d1
W3105153511,W3105153511,https://doi.org/10.1016/0370-2693(96)00712-5,Open p-branes,1996,,article,Andrew Strominger,576,False,mixed,0586591591d176efbbbed43c5de7b571fcb201b7
W3105871798,W3105871798,https://doi.org/10.1016/0550-3213(95)00467-7,N = 2 type II-heterotic duality and higher-derivative F-terms,1995,,article,"Ignatios Antoniadis, E. Gava, K.S. Narain, Tomasz R. Taylor",182,False,mixed,5a42e22ab401474bd3e77fa2c546fa81ca6223e9
W3140807473,W3140807473,https://doi.org/10.1112/blms/6.1.118,SYMMETRIC BILINEAR FORMS,1974,,article,P. M. Cohn,274,False,mixed,7836adc2ccc7947e45384d1ee7d1f66c471d7ec6
W408510736,W408510736,,Essays on mirror manifolds,1992,,book,Shing Tung Yau,334,False,mixed,19ff314e4e8e6eb3310e4c88d0e58d897039eab1
W4239679971,W4239679971,https://doi.org/10.1007/978-1-4684-9884-4,A Course in Arithmetic,1973,,book,Jean-Pierre Serre,785,False,mixed,43490ebdf44e78d7346ca511cc8b0e952ef20ee1
W4249956767,W4249956767,https://doi.org/10.4310/atmp.1998.v2.n2.a1,The large $N$ limit of superconformal field theories and supergravity,1998,,article,Juan Maldacena,13095,False,mixed,680e9d8a8eece6f1c228ddb3bf778d5e48c06b01
W614287400,W614287400,https://doi.org/10.1093/oso/9780198535539.001.0001,The Geometry of Four-Manifolds,1990,,book,"Simon Donaldson, P. B. Kronheimer",1096,False,mixed,d4497a242b836cc00517e8cc4cd14de77452313f
W630262717,W630262717,https://doi.org/10.1007/978-94-010-2305-4,Infinite-dimensional Lie algebras,1974,,book,"Ralph K. Amayo, Ian Stewart",215,False,mixed,4be90e759b6384351f7460d660bd4d68ea0c5b95
W79069090,W79069090,https://doi.org/10.1007/978-1-4615-3772-4_12,The Strength of Nonperturbative Effects in String Theory,1991,,book-chapter,Stephen H. Shenker,162,False,mixed,d846546ce368b34ccf25ebb34ed85e67b2864474
